ID,user_id,item_id
169,169,"298,877,986,108,749,721,817,116,943,715"
530,530,"207,497,86,84,409,950,175,385,876,431"
596,596,"981,815,78,90,423,967,155,739,707,380"
622,622,"60,889,376,736,472,168,393,997,137,911"
1047,1047,"883,373,157,647,775,192,452,495,27,13"
1275,1275,"34,733,826,971,765,685,774,537,251,355"
2399,2399,"232,905,511,698,895,866,507,831,11,615"
2912,2912,"376,917,956,451,303,197,778,696,732,384"
4269,4269,"706,358,897,479,572,725,338,46,651,838"
4313,4313,"969,550,274,768,504,719,326,235,254,48"
4433,4433,"203,603,441,731,297,851,353,666,87,724"
5125,5125,"243,833,900,960,587,997,532,141,727,136"
5520,5520,"38,725,815,727,812,834,737,869,79,503"
5728,5728,"148,415,660,312,700,111,451,670,768,307"
5744,5744,"523,91,461,429,517,827,641,18,518,532"
6675,6675,"409,603,212,465,3,531,270,582,876,473"
6828,6828,"303,222,792,135,280,933,966,307,614,893"
7015,7015,"392,612,200,359,425,452,855,838,762,226"
7113,7113,"715,837,789,943,54,294,369,570,593,811"
7886,7886,"822,889,875,868,566,666,97,437,925,576"
7959,7959,"198,890,8,690,689,475,223,504,767,31"
8196,8196,"82,72,629,210,717,742,968,934,757,762"
10816,10816,"594,90,618,25,588,974,367,768,753,395"
10875,10875,"562,512,355,858,294,213,291,208,643,290"
11204,11204,"711,726,411,596,141,682,459,310,745,684"
11340,11340,"894,64,429,481,768,87,597,175,503,130"
11442,11442,"772,11,923,207,617,256,113,406,179,496"
12464,12464,"954,124,424,520,904,875,970,225,992,134"
12495,12495,"195,670,370,651,891,791,535,733,924,925"
12616,12616,"344,571,453,906,495,902,599,400,753,201"
12757,12757,"279,622,486,164,7,980,887,333,938,390"
12882,12882,"22,762,503,187,568,641,472,274,699,554"
12941,12941,"256,179,129,197,140,147,286,989,687,181"
13158,13158,"843,281,159,704,681,454,682,428,396,817"
13169,13169,"304,80,558,579,40,932,125,330,247,234"
13248,13248,"544,236,601,768,668,362,310,57,193,485"
13406,13406,"861,619,559,772,880,438,964,702,296,387"
13765,13765,"954,217,134,687,326,18,933,493,86,857"
13816,13816,"696,574,965,668,15,419,777,294,413,915"
14599,14599,"777,259,878,580,652,191,99,1000,109,424"
14793,14793,"606,378,512,666,382,162,380,364,388,781"
15193,15193,"211,482,876,294,523,923,569,533,460,891"
15259,15259,"412,866,711,656,571,762,366,522,543,903"
15595,15595,"806,679,769,691,697,648,863,307,425,718"
15866,15866,"710,170,515,675,436,637,360,343,638,215"
16484,16484,"531,779,657,158,879,417,960,10,458,366"
16707,16707,"521,611,470,928,873,108,885,225,256,148"
16918,16918,"631,25,897,942,836,531,955,860,352,4"
17682,17682,"451,879,990,632,715,162,633,59,71,116"
18615,18615,"665,308,441,170,761,757,111,746,911,762"
18644,18644,"291,778,751,298,981,258,600,143,384,772"
18718,18718,"380,300,530,15,566,131,427,683,790,266"
19391,19391,"995,240,238,978,497,925,137,71,791,994"
20183,20183,"406,183,829,682,675,203,321,964,197,461"
20244,20244,"552,223,828,599,80,680,578,593,765,448"
20267,20267,"707,711,545,392,50,814,225,668,268,173"
20747,20747,"699,795,224,357,510,525,964,755,214,542"
20879,20879,"470,930,880,20,770,482,800,296,889,178"
21424,21424,"372,913,471,998,543,291,150,50,578,5"
22241,22241,"548,699,407,129,968,691,184,938,893,980"
22450,22450,"873,631,65,218,486,257,104,976,624,995"
22960,22960,"43,185,924,807,236,238,59,629,252,731"
23855,23855,"995,825,766,684,140,682,964,993,371,78"
24060,24060,"954,10,549,532,719,70,882,234,914,197"
24166,24166,"137,721,509,502,141,130,413,392,801,29"
24203,24203,"461,948,223,613,850,76,972,749,203,313"
25297,25297,"916,334,932,563,739,855,643,463,6,727"
25430,25430,"261,204,257,244,452,528,809,519,259,26"
25473,25473,"163,388,722,425,82,121,4,516,548,233"
25481,25481,"527,146,379,232,669,277,540,156,630,714"
26076,26076,"324,761,873,665,854,814,100,841,763,492"
26618,26618,"600,752,655,478,393,176,487,481,704,473"
27497,27497,"738,178,931,781,73,439,489,70,24,966"
27523,27523,"154,385,611,538,121,125,856,778,685,939"
27792,27792,"816,630,870,877,58,923,940,723,141,422"
27818,27818,"441,794,723,435,631,846,692,112,332,945"
28339,28339,"870,207,737,344,603,238,81,297,881,656"
28361,28361,"295,99,424,577,478,72,685,77,326,87"
29324,29324,"633,838,425,609,492,735,612,980,792,408"
29488,29488,"178,844,285,914,841,919,792,244,995,71"
29703,29703,"268,517,788,270,98,351,112,887,487,769"
29836,29836,"929,940,362,481,197,987,400,61,261,850"
30171,30171,"668,349,68,826,260,247,644,722,965,769"
30192,30192,"354,440,708,720,905,843,642,476,521,752"
30194,30194,"171,792,231,24,962,573,448,144,956,327"
30227,30227,"19,467,777,183,656,69,916,221,689,770"
30649,30649,"152,607,448,292,219,975,755,5,984,351"
30946,30946,"792,867,341,151,698,718,703,516,474,250"
31904,31904,"414,126,871,903,808,716,401,391,874,695"
32207,32207,"19,672,666,214,341,329,534,448,773,181"
32298,32298,"506,54,289,720,57,792,260,461,801,788"
32814,32814,"694,259,228,10,4,253,485,354,552,845"
32876,32876,"371,744,934,394,483,843,397,730,53,153"
33092,33092,"967,381,11,731,409,889,510,570,436,338"
33481,33481,"513,560,270,456,375,473,6,17,493,40"
33585,33585,"297,481,560,753,372,703,824,182,929,573"
33684,33684,"872,312,944,894,926,820,179,365,100,425"
33871,33871,"981,265,476,2,453,76,501,585,316,680"
34684,34684,"738,598,879,918,958,227,482,19,246,1"
34691,34691,"890,28,83,769,622,368,600,526,138,315"
35126,35126,"839,953,15,448,213,724,477,822,821,443"
35197,35197,"199,708,200,766,178,775,654,393,114,821"
35578,35578,"125,799,533,910,834,863,527,731,419,388"
36314,36314,"415,502,703,694,893,845,902,486,966,771"
36783,36783,"198,952,931,431,894,283,448,531,540,422"
36794,36794,"988,517,18,71,235,372,202,983,691,898"
37959,37959,"492,665,43,671,650,563,894,882,261,203"
38579,38579,"817,490,577,955,431,544,578,284,111,197"
38796,38796,"823,446,620,119,856,160,23,874,624,427"
38887,38887,"349,615,306,275,510,909,207,402,43,1000"
38973,38973,"1000,855,69,530,252,622,896,646,27,242"
39020,39020,"779,508,429,799,634,150,180,574,612,783"
39239,39239,"148,244,205,696,600,802,584,756,647,176"
40282,40282,"362,459,37,25,650,7,805,452,482,436"
40845,40845,"187,275,206,288,192,794,926,915,171,924"
41667,41667,"844,78,756,900,482,433,306,660,245,915"
42019,42019,"174,797,295,246,47,128,155,539,154,213"
42214,42214,"240,537,579,640,4,183,102,668,561,225"
43483,43483,"358,871,440,281,174,894,717,523,812,115"
43789,43789,"443,202,224,738,736,230,476,389,778,589"
43867,43867,"969,931,916,934,958,234,675,253,471,448"
43937,43937,"160,489,253,311,614,420,964,179,163,931"
44053,44053,"436,834,573,232,426,657,296,374,11,451"
44440,44440,"405,471,935,52,69,523,211,410,336,175"
44441,44441,"826,823,441,14,700,147,314,497,291,397"
45424,45424,"262,509,11,40,385,300,901,541,742,350"
45576,45576,"970,146,919,458,72,313,823,625,77,500"
45834,45834,"728,642,43,191,861,80,712,915,943,480"
46585,46585,"955,174,800,477,854,67,628,885,250,394"
46609,46609,"812,557,497,423,6,40,57,385,730,372"
46965,46965,"812,969,443,285,531,741,884,122,299,318"
47013,47013,"56,809,603,175,895,660,355,553,993,995"
47189,47189,"527,686,228,147,536,207,793,314,77,331"
47361,47361,"652,354,934,475,757,651,71,10,326,678"
47441,47441,"640,9,631,915,723,389,487,687,377,559"
48360,48360,"589,374,548,107,384,924,1,630,392,437"
48519,48519,"767,50,224,941,342,174,883,214,940,532"
48705,48705,"527,446,105,651,384,998,871,511,752,326"
48870,48870,"741,467,875,429,809,129,980,7,805,302"
49357,49357,"174,890,675,584,86,915,778,980,393,268"
50032,50032,"990,813,578,994,194,205,21,407,723,430"
50523,50523,"349,456,674,795,545,544,12,689,640,715"
50812,50812,"786,72,35,799,727,422,153,578,42,570"
51095,51095,"503,478,15,89,456,958,359,458,36,24"
51121,51121,"388,624,18,145,170,723,895,516,417,127"
51216,51216,"218,349,958,769,130,79,181,424,253,529"
52111,52111,"942,651,540,957,90,796,241,812,27,333"
52790,52790,"609,235,969,191,618,987,411,921,506,337"
53114,53114,"555,350,141,428,666,120,516,267,29,438"
53617,53617,"594,162,347,302,921,691,925,46,480,33"
53903,53903,"418,45,521,520,298,600,400,86,282,558"
53937,53937,"876,526,469,88,930,288,107,566,308,332"
54306,54306,"606,277,532,775,947,960,488,169,390,168"
55378,55378,"897,373,593,77,444,525,216,713,409,836"
55871,55871,"635,35,393,453,125,899,373,775,61,938"
55890,55890,"972,338,153,331,935,411,548,823,598,859"
56080,56080,"450,672,530,197,561,667,699,557,926,559"
56175,56175,"61,420,827,715,112,559,678,411,245,100"
56194,56194,"117,417,573,512,485,967,427,497,672,219"
56930,56930,"244,817,999,503,376,6,612,41,834,617"
57702,57702,"148,983,274,358,428,394,415,972,88,544"
57774,57774,"608,44,709,713,141,812,735,401,615,851"
57807,57807,"888,325,530,972,529,905,450,269,417,284"
58315,58315,"798,535,562,764,248,702,326,863,547,695"
58832,58832,"634,747,651,924,170,630,315,189,576,718"
59053,59053,"505,38,157,713,814,780,825,125,562,745"
59055,59055,"243,339,605,236,853,496,928,827,720,272"
59299,59299,"256,817,159,888,129,381,804,66,111,589"
59570,59570,"351,695,60,172,982,977,26,589,37,438"
59689,59689,"662,248,39,141,320,673,350,537,900,939"
59906,59906,"432,456,129,130,532,846,698,941,138,913"
60819,60819,"948,522,965,840,169,298,260,714,533,318"
61061,61061,"332,389,706,677,942,573,277,525,307,297"
62537,62537,"664,541,133,418,38,68,817,752,602,240"
62583,62583,"172,47,384,604,380,386,526,247,671,418"
62743,62743,"511,108,100,60,869,799,713,629,644,556"
63288,63288,"771,184,585,783,228,810,311,6,681,932"
63452,63452,"866,658,825,3,280,210,66,60,158,836"
63647,63647,"661,408,807,564,569,844,325,342,47,910"
63810,63810,"57,603,479,302,569,468,134,202,264,446"
63881,63881,"505,247,346,209,124,191,60,257,318,750"
64107,64107,"678,519,376,350,543,941,334,352,162,728"
64272,64272,"663,575,255,804,574,949,413,155,668,103"
64839,64839,"520,853,452,597,573,238,590,182,619,670"
64962,64962,"920,659,949,81,147,218,365,568,295,439"
65272,65272,"237,222,233,407,186,69,830,863,68,12"
65350,65350,"192,837,336,602,474,144,414,757,211,370"
65566,65566,"199,164,492,756,796,636,654,785,160,87"
65702,65702,"677,987,822,970,932,812,54,602,904,700"
66404,66404,"818,206,150,945,547,458,354,461,899,877"
67454,67454,"905,66,979,977,809,200,206,152,333,136"
67819,67819,"803,897,753,348,829,469,492,813,971,135"
67980,67980,"842,568,400,555,664,96,352,256,676,146"
68217,68217,"867,299,463,71,639,171,806,387,826,906"
68768,68768,"757,835,641,871,821,536,57,733,947,845"
70295,70295,"157,503,158,400,193,893,836,322,889,594"
70545,70545,"12,92,86,565,313,447,112,890,567,293"
70722,70722,"541,228,238,512,556,903,933,233,676,729"
70876,70876,"887,317,94,76,359,901,771,603,932,713"
71302,71302,"640,738,727,559,327,619,599,78,396,286"
71715,71715,"135,245,869,52,28,412,792,373,581,38"
72058,72058,"674,988,565,47,596,551,500,550,794,445"
72169,72169,"457,592,186,175,796,461,926,972,724,64"
72919,72919,"904,289,550,431,683,922,788,505,426,529"
73781,73781,"107,180,329,859,744,67,1000,467,946,979"
73843,73843,"333,788,891,647,723,157,84,587,691,268"
74190,74190,"820,785,528,449,304,537,957,956,25,506"
74394,74394,"992,382,483,25,649,517,60,295,559,106"
74489,74489,"401,869,394,695,820,912,50,332,47,750"
74734,74734,"825,637,743,37,127,476,106,178,759,811"
74882,74882,"123,649,310,122,771,460,294,346,374,279"
75017,75017,"50,716,889,923,623,143,340,833,657,845"
75151,75151,"439,940,198,769,498,117,603,462,187,622"
75257,75257,"551,547,869,609,179,226,616,753,595,641"
75471,75471,"758,353,668,9,18,889,924,704,860,346"
75523,75523,"38,33,495,239,690,842,261,990,350,198"
76327,76327,"274,653,537,245,853,681,38,172,73,598"
76842,76842,"39,205,73,935,61,647,34,689,767,669"
77042,77042,"62,67,61,712,383,492,951,59,206,943"
77194,77194,"242,335,34,378,114,739,604,467,270,972"
77672,77672,"191,430,875,477,797,553,377,731,252,116"
78770,78770,"460,696,48,822,393,609,1,310,802,451"
78989,78989,"988,127,440,659,626,244,97,107,395,756"
80655,80655,"713,732,917,839,127,169,498,210,667,674"
80799,80799,"4,554,144,770,330,814,804,754,347,961"
80834,80834,"662,548,803,39,993,107,715,790,868,6"
80914,80914,"915,722,169,436,24,566,932,133,978,689"
80926,80926,"545,461,137,383,763,729,644,454,812,190"
80954,80954,"108,263,523,809,596,522,141,477,705,332"
80968,80968,"379,660,962,956,757,112,825,371,704,320"
81268,81268,"74,482,682,49,67,432,446,900,753,341"
81867,81867,"172,238,370,640,112,468,300,198,514,698"
83207,83207,"168,707,252,289,82,946,359,522,113,446"
83870,83870,"875,32,462,568,945,136,310,940,223,513"
84235,84235,"533,393,646,804,294,712,53,477,137,437"
84455,84455,"447,697,53,54,222,302,16,129,389,344"
84469,84469,"172,822,248,207,741,108,221,546,100,623"
84855,84855,"721,209,705,65,228,741,149,351,917,96"
84892,84892,"105,18,425,812,703,894,358,338,557,730"
85074,85074,"310,296,856,271,628,612,581,416,15,764"
85354,85354,"175,791,290,199,917,895,655,267,435,777"
85503,85503,"760,605,26,67,124,188,263,700,151,798"
85889,85889,"948,26,871,724,594,352,13,717,289,54"
86334,86334,"147,501,519,432,600,161,906,2,240,346"
88113,88113,"372,607,1,214,315,75,436,324,684,524"
88213,88213,"833,491,390,943,951,776,930,816,915,122"
88386,88386,"552,399,803,880,704,641,639,114,789,91"
88509,88509,"87,138,479,208,371,88,969,931,455,490"
88578,88578,"868,348,97,893,405,7,870,408,759,439"
88682,88682,"39,205,964,424,469,68,648,718,763,165"
89371,89371,"755,910,938,23,526,935,587,940,691,108"
89708,89708,"100,102,567,501,785,129,851,397,128,604"
89877,89877,"824,592,122,627,62,190,693,173,506,36"
90048,90048,"497,665,348,547,534,629,191,802,795,420"
91154,91154,"880,961,237,832,971,231,249,195,109,839"
91400,91400,"185,918,392,667,935,601,780,408,797,213"
91432,91432,"54,801,541,39,689,69,999,212,510,660"
91812,91812,"124,20,853,906,918,927,988,970,335,794"
92344,92344,"468,940,773,926,924,805,235,31,751,863"
92626,92626,"944,7,766,616,372,906,633,419,901,32"
92779,92779,"449,701,764,960,160,85,183,792,394,533"
93357,93357,"727,343,111,40,394,953,122,757,971,97"
94005,94005,"473,614,859,446,554,22,270,29,380,668"
94818,94818,"741,809,62,965,964,242,52,909,15,411"
94855,94855,"385,971,730,26,484,860,241,865,74,199"
95142,95142,"536,785,750,895,892,562,977,210,432,296"
96660,96660,"2,372,835,889,652,565,637,179,868,891"
97284,97284,"977,524,930,525,709,438,653,598,256,832"
97751,97751,"404,81,171,683,110,723,43,826,717,133"
98021,98021,"314,301,954,702,334,236,539,463,694,789"
98134,98134,"998,762,227,277,610,484,166,340,181,117"
98219,98219,"539,649,246,568,503,910,813,118,993,720"
98309,98309,"137,431,536,175,99,736,162,800,305,732"
98390,98390,"221,515,139,539,574,843,518,809,156,738"
98636,98636,"270,733,386,869,581,984,731,51,565,199"
98908,98908,"522,558,165,923,521,850,826,718,298,809"
99154,99154,"481,271,58,454,31,743,537,102,160,857"
99183,99183,"301,638,381,289,745,184,230,375,129,104"
99571,99571,"17,94,47,383,91,37,515,684,712,642"
100080,100080,"482,941,411,468,873,460,408,139,377,689"
100618,100618,"971,759,382,761,792,576,37,173,154,408"
100818,100818,"439,293,741,714,140,834,700,295,435,396"
101349,101349,"252,31,988,685,269,461,878,639,233,417"
101532,101532,"517,377,964,753,76,831,49,431,383,99"
101930,101930,"962,195,671,830,199,281,735,243,987,598"
102104,102104,"234,662,604,516,276,857,969,641,172,335"
102348,102348,"750,518,596,126,233,663,885,96,980,483"
102429,102429,"730,452,603,790,378,379,156,945,995,228"
102474,102474,"499,750,634,267,443,725,475,514,5,520"
102537,102537,"964,191,124,711,129,105,837,324,407,787"
103711,103711,"618,698,716,623,122,219,148,647,693,343"
104296,104296,"936,17,459,315,411,845,628,543,226,405"
104453,104453,"113,251,826,785,228,672,795,629,467,322"
104839,104839,"809,27,355,353,131,391,723,569,742,62"
105141,105141,"472,461,432,254,72,440,697,582,823,792"
105842,105842,"114,491,115,715,142,237,851,104,972,637"
106123,106123,"170,398,1000,789,950,682,766,414,172,383"
106970,106970,"961,460,280,965,301,521,925,935,426,328"
107046,107046,"524,145,304,521,600,702,530,987,565,487"
107652,107652,"653,619,477,97,68,42,834,782,694,979"
108273,108273,"163,117,135,112,505,316,570,104,461,854"
110248,110248,"350,654,301,873,281,729,310,693,254,12"
110795,110795,"213,737,564,805,808,325,910,768,219,981"
111479,111479,"66,50,791,32,408,341,788,520,983,587"
111654,111654,"588,2,292,866,26,311,714,346,91,569"
111722,111722,"873,866,68,893,384,618,333,964,906,377"
111790,111790,"494,353,177,534,700,375,14,513,4,815"
111837,111837,"394,362,863,913,54,717,264,611,245,352"
113994,113994,"524,646,604,314,135,616,976,56,693,521"
114390,114390,"651,700,125,545,681,13,476,958,754,243"
114710,114710,"538,693,189,74,45,827,350,255,523,678"
115118,115118,"439,880,429,893,410,80,686,69,652,121"
115383,115383,"46,908,498,496,667,994,81,101,566,804"
115632,115632,"694,528,920,723,875,505,635,886,223,537"
116097,116097,"380,842,594,457,190,77,198,421,203,175"
116376,116376,"756,416,355,293,941,970,195,250,137,15"
116877,116877,"434,95,820,517,390,871,885,206,832,803"
117701,117701,"133,166,52,193,146,211,379,300,521,252"
117877,117877,"379,570,571,523,251,985,324,527,393,139"
118306,118306,"58,186,856,738,517,731,330,734,560,530"
119947,119947,"418,509,744,515,766,845,372,948,810,422"
120017,120017,"308,627,11,860,988,452,670,21,465,370"
120921,120921,"379,750,817,774,30,976,535,40,236,472"
120925,120925,"93,326,503,449,345,935,697,762,784,460"
121414,121414,"964,424,706,537,868,380,236,692,315,633"
121713,121713,"958,964,779,624,416,576,948,482,166,100"
121834,121834,"820,201,100,290,143,813,796,810,599,843"
122563,122563,"387,330,681,634,291,365,659,9,143,995"
122654,122654,"910,563,334,641,755,889,824,364,424,940"
122904,122904,"577,107,131,51,294,409,2,610,614,569"
123506,123506,"317,365,185,14,94,859,937,998,734,515"
123529,123529,"515,645,696,130,69,931,641,248,244,136"
123594,123594,"157,644,873,194,294,8,415,953,71,104"
123741,123741,"718,259,900,468,675,480,910,932,51,316"
123837,123837,"557,969,950,697,46,189,700,705,240,858"
124619,124619,"534,145,634,779,486,26,229,928,359,332"
125374,125374,"583,387,733,466,882,968,989,990,947,794"
126040,126040,"12,883,313,336,464,377,639,720,117,58"
126230,126230,"517,447,445,926,174,901,456,89,579,800"
126384,126384,"984,541,794,641,867,236,392,453,896,796"
126503,126503,"948,369,574,616,255,81,87,308,655,203"
126834,126834,"778,125,448,916,648,492,930,964,990,236"
126953,126953,"391,358,387,932,257,169,218,47,78,970"
127263,127263,"454,993,130,221,315,608,581,180,965,857"
127523,127523,"216,319,915,660,139,708,414,961,60,462"
127603,127603,"790,318,468,2,898,58,136,41,319,89"
128097,128097,"153,973,29,964,795,777,977,353,716,394"
128252,128252,"492,57,996,104,897,973,663,212,455,55"
128342,128342,"22,966,907,783,343,345,464,436,532,980"
128780,128780,"173,851,521,524,62,596,544,467,331,776"
129382,129382,"61,140,700,448,824,723,797,12,386,182"
129407,129407,"732,567,733,121,211,639,101,654,673,16"
129518,129518,"12,125,770,426,435,996,703,481,112,380"
129805,129805,"165,638,938,14,110,694,131,372,481,175"
129984,129984,"441,796,660,872,884,492,723,915,814,328"
130109,130109,"373,692,998,773,97,38,389,698,508,277"
130564,130564,"6,710,278,726,526,935,563,839,466,438"
131209,131209,"234,442,46,148,107,560,286,383,585,742"
131381,131381,"354,293,759,111,537,767,200,417,696,190"
131399,131399,"78,778,379,819,1,530,916,782,493,589"
131420,131420,"62,662,922,894,262,932,298,939,162,776"
132025,132025,"167,935,522,652,829,582,61,359,976,958"
132684,132684,"438,463,653,149,988,704,233,21,702,261"
134137,134137,"368,245,456,296,955,377,954,711,110,567"
135250,135250,"347,234,798,44,829,585,762,948,207,91"
136131,136131,"100,578,876,42,285,86,972,581,3,138"
136184,136184,"536,321,314,756,90,572,206,390,385,348"
136493,136493,"399,995,716,689,555,439,459,558,951,710"
137494,137494,"574,469,382,512,876,670,644,409,233,421"
137608,137608,"577,232,369,497,848,508,769,434,301,561"
137640,137640,"722,997,245,533,7,688,76,244,322,203"
138333,138333,"134,811,621,810,746,518,477,151,624,457"
138391,138391,"238,190,836,748,899,959,808,849,311,8"
140375,140375,"209,213,454,431,272,70,552,956,970,773"
140415,140415,"392,762,57,220,134,218,574,239,269,850"
140441,140441,"123,85,871,94,589,275,516,814,57,228"
140729,140729,"285,221,739,868,539,133,524,588,433,927"
140953,140953,"389,964,35,193,127,371,948,969,726,598"
141278,141278,"490,657,157,588,414,100,675,988,240,235"
141580,141580,"590,699,305,688,966,647,339,165,87,578"
141666,141666,"452,416,446,7,32,64,983,728,166,378"
141804,141804,"255,503,294,932,340,776,734,616,509,228"
141979,141979,"8,904,501,662,910,281,442,748,971,147"
142189,142189,"645,474,741,431,395,966,878,642,425,525"
144165,144165,"718,552,358,586,548,124,923,329,319,736"
144455,144455,"288,755,123,539,239,667,374,897,823,681"
144858,144858,"263,766,182,242,522,140,112,480,421,476"
145267,145267,"485,168,459,776,348,691,633,398,662,996"
145446,145446,"999,100,211,351,280,658,1000,458,739,501"
145492,145492,"966,201,939,338,663,898,205,172,906,328"
146338,146338,"724,842,837,414,687,607,424,421,105,640"
146611,146611,"393,371,218,519,132,979,204,410,501,266"
147295,147295,"270,714,924,565,973,431,5,171,123,590"
147486,147486,"303,326,189,540,493,150,158,980,197,221"
147835,147835,"78,270,426,942,839,79,676,222,288,335"
147904,147904,"720,806,997,759,705,188,279,429,262,785"
148048,148048,"672,93,195,259,768,348,643,346,814,667"
148208,148208,"757,650,257,783,811,949,365,276,432,158"
148415,148415,"574,834,317,734,577,151,409,791,332,774"
149673,149673,"80,190,271,931,974,361,387,194,456,717"
149731,149731,"826,576,315,284,463,689,715,838,702,42"
149837,149837,"704,353,906,35,364,387,211,643,203,466"
149937,149937,"641,924,145,217,13,713,293,221,798,146"
150163,150163,"555,211,652,115,835,207,188,225,437,296"
150503,150503,"612,172,562,281,803,491,126,425,931,834"
150636,150636,"444,55,912,78,863,545,205,377,643,632"
150789,150789,"617,373,926,944,715,147,516,486,396,238"
151231,151231,"35,276,544,760,393,955,801,742,162,975"
152241,152241,"84,22,444,662,211,201,307,977,461,421"
152937,152937,"200,784,960,625,121,377,614,437,453,810"
153074,153074,"797,317,769,3,965,837,950,223,594,609"
153464,153464,"597,27,129,171,235,664,9,541,684,248"
153963,153963,"94,303,628,946,4,711,373,911,109,48"
154068,154068,"579,786,201,534,998,909,65,131,279,340"
154092,154092,"922,519,362,254,316,651,894,63,79,874"
154424,154424,"70,319,492,76,415,843,595,650,120,701"
154464,154464,"865,942,168,97,528,738,439,412,617,709"
154531,154531,"53,835,152,426,833,301,377,618,692,894"
154764,154764,"763,423,372,324,982,187,337,926,495,689"
155716,155716,"651,435,806,445,398,268,293,353,129,103"
155869,155869,"186,218,331,821,275,832,918,807,637,445"
157009,157009,"4,457,925,821,742,415,76,842,993,846"
157274,157274,"524,377,916,584,826,146,768,942,672,35"
157287,157287,"104,200,307,924,879,725,145,579,931,313"
158254,158254,"920,107,887,415,334,459,779,306,905,752"
158381,158381,"613,76,684,567,27,469,436,452,554,208"
158502,158502,"839,439,470,922,678,340,431,111,979,286"
158839,158839,"514,685,901,162,136,480,954,88,190,683"
159201,159201,"956,606,342,818,855,665,37,883,570,578"
160102,160102,"3,471,764,194,989,818,516,162,177,757"
160110,160110,"224,37,800,145,421,151,631,373,941,846"
160922,160922,"980,981,598,929,204,708,229,57,16,917"
160952,160952,"699,574,257,560,458,199,367,469,46,374"
161782,161782,"615,556,555,901,70,269,753,610,925,830"
161860,161860,"463,857,257,112,359,148,174,169,698,68"
162151,162151,"328,474,989,944,172,846,879,187,233,813"
162152,162152,"981,578,447,805,18,137,836,894,548,335"
162225,162225,"662,487,956,458,511,523,271,657,79,450"
162244,162244,"245,540,647,766,461,897,197,114,235,835"
163919,163919,"744,32,934,603,591,237,969,176,726,852"
164241,164241,"386,495,133,265,971,545,312,199,534,742"
164804,164804,"425,958,158,801,279,525,606,485,29,951"
165482,165482,"816,102,6,617,465,409,889,478,590,721"
165793,165793,"92,516,423,167,344,745,820,209,373,900"
166285,166285,"847,958,836,321,494,789,464,124,286,66"
166567,166567,"561,248,735,268,290,958,400,394,713,197"
166704,166704,"669,241,970,732,528,532,862,472,26,302"
166797,166797,"296,134,500,460,543,876,553,531,420,425"
167577,167577,"155,424,45,163,993,244,998,81,895,672"
168260,168260,"323,637,970,279,466,714,907,481,689,587"
168512,168512,"36,902,103,821,575,384,63,776,218,801"
168863,168863,"900,866,161,626,730,463,768,667,769,163"
169287,169287,"856,329,736,569,671,211,949,788,506,279"
169298,169298,"837,857,794,874,208,602,477,871,112,388"
169310,169310,"9,583,30,736,529,76,715,894,108,109"
169443,169443,"362,555,844,952,324,161,929,162,211,53"
170082,170082,"652,496,367,360,706,201,737,454,667,407"
170272,170272,"203,892,395,57,403,639,644,685,948,190"
170303,170303,"683,788,354,355,331,68,158,412,317,255"
170637,170637,"249,846,8,364,854,688,645,326,33,355"
170720,170720,"769,460,135,45,719,474,665,100,2,871"
170917,170917,"789,704,132,118,936,9,303,581,286,519"
171125,171125,"353,761,530,719,868,758,991,582,986,392"
171705,171705,"749,43,209,16,7,591,55,550,963,678"
171815,171815,"284,391,787,461,416,463,151,259,663,757"
172127,172127,"689,82,453,213,910,409,22,525,187,392"
172469,172469,"470,737,445,966,435,807,700,688,811,720"
173006,173006,"999,271,278,339,158,159,183,920,188,919"
173450,173450,"878,637,958,232,466,239,647,628,358,418"
174444,174444,"336,385,886,816,797,473,415,431,183,660"
174893,174893,"818,882,259,471,326,432,912,760,698,264"
175134,175134,"742,887,670,211,356,221,531,474,162,67"
175323,175323,"783,135,133,795,967,668,190,534,426,298"
175508,175508,"141,566,229,48,972,445,729,794,145,346"
176173,176173,"885,362,687,509,352,199,203,23,916,292"
177089,177089,"868,896,592,16,611,168,362,436,176,953"
177293,177293,"908,24,728,642,618,941,341,146,875,645"
178058,178058,"230,945,277,885,440,162,43,375,905,774"
178582,178582,"769,318,828,631,900,619,315,981,291,395"
178761,178761,"492,407,556,660,611,598,452,323,893,385"
179027,179027,"391,154,55,377,372,928,271,434,832,52"
179474,179474,"327,530,211,18,582,786,751,466,7,729"
179686,179686,"238,856,953,724,771,659,260,360,557,293"
180490,180490,"142,740,766,256,305,537,837,400,734,712"
180779,180779,"109,995,75,721,987,454,636,487,317,199"
180877,180877,"750,947,542,359,401,162,795,653,273,128"
180931,180931,"921,611,713,413,96,994,473,837,175,695"
181314,181314,"362,310,999,525,776,816,71,935,774,731"
182094,182094,"8,83,110,827,46,843,954,449,660,965"
182401,182401,"845,974,503,287,618,370,142,24,126,146"
182612,182612,"53,216,551,929,351,390,752,79,582,256"
182895,182895,"963,511,287,460,989,803,496,744,409,970"
183054,183054,"42,709,158,380,741,27,4,521,9,821"
183895,183895,"276,657,366,437,10,46,622,24,228,690"
184022,184022,"746,125,333,901,410,963,694,778,791,113"
184591,184591,"101,753,231,817,857,925,430,942,996,340"
184625,184625,"719,431,591,935,340,292,179,317,29,739"
184671,184671,"9,490,775,642,330,849,281,66,106,752"
184771,184771,"626,752,211,849,447,414,65,128,233,322"
185059,185059,"81,519,885,192,646,730,296,526,595,668"
185629,185629,"364,699,267,106,53,23,806,889,626,285"
186062,186062,"312,115,275,994,570,610,103,525,587,723"
186410,186410,"87,773,747,694,722,58,149,961,22,300"
186417,186417,"343,796,570,919,612,182,357,521,626,803"
186501,186501,"309,707,498,42,351,78,252,156,427,667"
186565,186565,"181,95,370,668,641,875,608,340,227,511"
186586,186586,"26,866,517,864,460,269,546,11,763,100"
186673,186673,"566,313,534,677,989,775,217,216,327,148"
186846,186846,"193,547,120,314,735,224,651,835,995,679"
187546,187546,"581,532,514,292,178,7,481,82,483,961"
187931,187931,"20,47,65,461,936,210,687,878,3,336"
188427,188427,"205,308,873,371,270,1,389,299,236,155"
188702,188702,"143,465,448,739,794,543,161,860,277,195"
188854,188854,"909,253,451,319,900,508,243,295,755,330"
189178,189178,"384,500,402,189,139,518,233,265,555,727"
189526,189526,"556,353,402,937,781,344,504,300,505,451"
190208,190208,"308,568,469,959,868,255,975,876,414,653"
190747,190747,"340,412,921,992,969,315,73,582,904,786"
190819,190819,"995,706,266,736,188,415,656,506,143,127"
191350,191350,"510,415,994,380,518,743,374,453,591,644"
191485,191485,"730,78,399,836,674,467,690,860,739,35"
192407,192407,"461,214,859,713,404,535,947,909,360,372"
192867,192867,"312,80,655,997,627,15,264,167,589,241"
193101,193101,"31,431,302,509,744,254,963,833,327,147"
193265,193265,"67,974,26,246,388,435,315,925,590,505"
193386,193386,"595,271,756,994,341,7,866,924,519,37"
194000,194000,"449,848,670,736,471,557,519,794,738,870"
195019,195019,"333,946,15,1,691,270,152,231,959,496"
195373,195373,"21,525,38,921,872,312,298,458,110,196"
195628,195628,"2,736,816,950,21,348,728,908,839,142"
196067,196067,"83,386,153,618,906,904,471,678,315,41"
197504,197504,"334,592,482,776,505,288,546,445,872,378"
198703,198703,"506,784,922,526,512,692,56,121,495,351"
198779,198779,"812,884,874,481,687,617,14,233,71,178"
198848,198848,"821,746,203,426,314,793,484,79,78,457"
199084,199084,"821,490,341,641,856,405,701,503,872,613"
199174,199174,"500,793,112,583,387,564,274,906,590,512"
199854,199854,"537,388,280,240,702,103,33,686,649,525"
199887,199887,"243,148,120,269,896,628,594,746,748,296"
200098,200098,"818,238,978,546,202,700,405,977,226,974"
200347,200347,"747,242,695,214,511,254,430,949,689,528"
200395,200395,"854,496,753,43,733,819,194,92,230,351"
200784,200784,"989,705,669,932,787,711,269,466,302,272"
201062,201062,"22,933,277,430,461,532,823,894,56,290"
201233,201233,"806,412,365,546,57,62,423,553,697,925"
201777,201777,"847,564,691,930,489,512,120,777,369,717"
201782,201782,"540,486,250,859,492,85,801,399,770,245"
202079,202079,"713,218,545,925,135,971,994,355,771,332"
202459,202459,"244,982,630,81,980,429,148,624,710,570"
202704,202704,"396,493,328,609,880,926,979,623,334,758"
202758,202758,"166,902,605,587,779,560,383,955,653,46"
202877,202877,"22,347,617,141,502,464,602,418,16,324"
203533,203533,"217,857,789,209,607,578,999,420,436,270"
203934,203934,"83,626,322,584,957,156,660,530,250,182"
203963,203963,"614,268,911,621,576,926,250,259,365,995"
204103,204103,"720,26,119,217,657,971,58,852,514,891"
204424,204424,"937,272,721,566,447,512,9,988,222,22"
204766,204766,"586,640,959,494,45,581,619,568,904,396"
205235,205235,"539,805,84,120,59,754,230,976,877,703"
206207,206207,"136,351,502,471,163,434,860,170,261,213"
206218,206218,"384,515,666,219,500,777,714,174,271,251"
206778,206778,"59,418,17,87,382,216,141,839,143,719"
208037,208037,"659,307,475,293,813,990,612,596,281,7"
208439,208439,"920,685,49,434,891,767,576,562,686,189"
208664,208664,"434,230,90,447,493,340,438,695,302,613"
209698,209698,"766,416,960,24,448,421,447,75,927,42"
209706,209706,"981,84,579,689,864,884,508,696,530,639"
209746,209746,"550,153,835,446,628,720,223,214,404,311"
209943,209943,"246,879,928,562,461,597,331,36,548,269"
210351,210351,"57,328,560,616,788,538,8,407,848,580"
210414,210414,"532,81,222,556,784,437,226,756,696,182"
211191,211191,"615,797,765,345,532,386,521,151,383,384"
211222,211222,"957,47,62,286,765,364,935,452,273,782"
211335,211335,"511,678,885,322,826,72,211,220,239,136"
212056,212056,"962,647,866,702,275,988,776,255,15,959"
212113,212113,"252,389,526,419,487,810,644,634,42,354"
212263,212263,"717,494,426,254,837,801,31,278,149,270"
212410,212410,"882,961,788,716,202,710,511,95,134,960"
212619,212619,"515,301,625,223,381,31,308,697,545,742"
213354,213354,"609,150,977,865,995,983,579,858,889,656"
213367,213367,"174,996,587,194,563,204,431,433,147,94"
213622,213622,"265,491,788,82,25,47,12,355,287,73"
213875,213875,"163,316,459,222,871,92,180,985,274,728"
214168,214168,"595,129,190,303,536,341,322,638,85,451"
214404,214404,"798,492,456,972,370,929,205,438,56,965"
215504,215504,"379,237,642,86,162,353,233,278,708,411"
215624,215624,"800,728,710,364,563,75,690,274,157,245"
215793,215793,"783,510,515,525,991,794,276,380,673,485"
215910,215910,"778,881,438,377,600,568,563,673,626,915"
216233,216233,"703,162,882,400,643,339,786,811,673,872"
216931,216931,"707,652,547,436,46,197,71,394,143,545"
217215,217215,"342,383,318,892,86,229,596,927,155,868"
217378,217378,"262,254,180,27,153,423,669,179,129,98"
217387,217387,"344,447,820,682,514,160,3,87,569,942"
217546,217546,"867,146,981,386,592,914,31,819,655,866"
218052,218052,"583,53,425,972,771,709,704,49,588,811"
218187,218187,"127,967,958,536,28,675,568,391,774,883"
218486,218486,"434,933,373,273,710,810,793,946,185,926"
218721,218721,"592,658,356,636,155,714,127,552,323,158"
219212,219212,"699,705,72,216,364,935,973,768,319,180"
219397,219397,"877,591,741,642,559,999,866,708,937,864"
219697,219697,"420,308,103,35,928,941,670,352,702,460"
220075,220075,"450,899,768,517,176,147,326,669,833,856"
220481,220481,"106,372,382,945,791,50,298,617,162,564"
220664,220664,"101,195,370,606,631,350,52,425,698,699"
221434,221434,"575,852,313,115,583,807,427,557,750,471"
221484,221484,"943,178,669,305,59,7,454,503,920,620"
221833,221833,"366,237,946,614,924,131,568,934,920,129"
221869,221869,"453,321,890,197,790,131,556,310,939,239"
222160,222160,"491,523,8,900,10,825,205,136,363,273"
222290,222290,"273,795,900,666,877,533,136,26,501,641"
222509,222509,"182,802,577,948,867,364,202,297,683,449"
222541,222541,"374,564,510,887,855,173,85,456,242,340"
223012,223012,"999,354,163,983,493,290,785,644,80,187"
223079,223079,"452,915,416,217,136,215,284,484,226,610"
223092,223092,"206,235,585,701,505,924,141,278,555,322"
223109,223109,"543,551,796,136,557,164,986,189,454,258"
223578,223578,"559,530,847,33,20,648,849,733,975,474"
223863,223863,"142,269,462,982,554,927,292,518,769,722"
223976,223976,"922,640,960,885,42,742,792,305,90,411"
224041,224041,"468,26,100,25,610,38,192,864,197,483"
224048,224048,"744,577,999,301,958,59,246,941,215,213"
224661,224661,"419,811,821,642,407,365,520,892,501,319"
225149,225149,"880,132,330,294,616,771,365,613,176,728"
225281,225281,"225,693,570,431,362,18,122,738,866,308"
225317,225317,"646,362,68,70,661,477,299,696,310,339"
226227,226227,"879,392,625,247,460,181,680,129,9,697"
226627,226627,"551,297,706,178,644,610,276,473,407,224"
226972,226972,"675,921,652,26,402,117,212,285,243,907"
227022,227022,"463,128,604,790,116,289,177,545,621,950"
227448,227448,"607,233,129,987,83,347,514,292,717,635"
227683,227683,"912,854,347,217,529,811,822,451,350,861"
227817,227817,"431,250,703,986,68,478,9,333,335,288"
229142,229142,"530,726,184,771,662,695,122,112,118,36"
229212,229212,"290,589,496,261,139,804,835,586,794,442"
229558,229558,"158,606,291,820,931,850,408,380,318,976"
229789,229789,"496,7,666,919,141,283,476,924,25,587"
230068,230068,"379,257,578,222,930,795,767,453,10,761"
230081,230081,"411,120,470,769,100,173,834,718,929,391"
230139,230139,"492,743,240,241,467,685,435,175,8,511"
230160,230160,"353,407,444,523,590,126,310,636,396,178"
230169,230169,"470,420,3,808,15,158,531,144,222,724"
230641,230641,"5,523,816,312,529,507,18,119,957,910"
230787,230787,"587,997,642,239,816,130,637,745,191,148"
230953,230953,"904,778,479,242,544,866,916,114,1,550"
231157,231157,"790,813,16,434,378,294,648,172,28,347"
231254,231254,"263,668,475,212,290,874,497,299,402,277"
231284,231284,"202,983,148,969,637,28,256,769,863,25"
232083,232083,"286,357,563,11,631,658,700,924,607,532"
232938,232938,"941,933,67,828,314,201,261,991,448,906"
233077,233077,"724,571,789,379,79,870,268,420,38,873"
234427,234427,"936,386,528,325,396,243,596,476,188,793"
234433,234433,"236,664,153,574,143,141,609,859,244,475"
235062,235062,"259,172,366,828,568,685,480,570,151,50"
235089,235089,"871,161,447,615,729,92,306,239,367,656"
235299,235299,"244,345,461,59,807,122,72,134,608,821"
236155,236155,"162,379,637,381,92,94,127,368,484,441"
236230,236230,"539,359,355,296,762,488,419,23,617,764"
236586,236586,"973,720,198,552,406,802,963,579,675,317"
237764,237764,"307,810,687,32,408,415,535,749,860,385"
237902,237902,"224,216,1,409,329,177,658,754,480,527"
238553,238553,"313,223,652,615,437,982,883,943,682,598"
239091,239091,"801,531,930,939,816,183,699,658,353,84"
239140,239140,"256,526,998,125,771,313,553,159,18,745"
239970,239970,"695,526,82,956,495,309,543,731,609,624"
239971,239971,"170,227,781,899,546,424,125,340,212,412"
240067,240067,"533,908,425,709,593,570,307,65,426,45"
240399,240399,"821,497,743,815,918,762,258,370,953,165"
240705,240705,"619,918,789,186,496,927,439,684,20,607"
241036,241036,"351,726,170,911,515,26,770,450,860,266"
241104,241104,"985,190,730,475,10,631,549,510,917,338"
241240,241240,"650,79,93,754,131,803,945,17,140,531"
241861,241861,"756,386,846,638,738,343,601,387,728,573"
242783,242783,"465,963,26,801,315,984,553,273,44,235"
243016,243016,"604,598,344,116,393,915,464,492,245,327"
243126,243126,"837,37,176,748,281,94,95,940,743,450"
243160,243160,"165,579,922,800,999,307,988,819,198,634"
243361,243361,"386,72,9,248,419,71,151,125,547,648"
243763,243763,"274,55,598,691,676,862,48,70,394,705"
243904,243904,"711,237,968,723,381,589,503,525,442,238"
244214,244214,"388,356,570,564,888,793,240,555,677,994"
244716,244716,"108,382,885,735,394,815,322,449,117,303"
245317,245317,"431,725,471,331,835,670,762,214,560,607"
245752,245752,"762,733,89,511,638,719,385,158,391,618"
246626,246626,"896,266,902,259,901,686,817,495,154,164"
246721,246721,"593,7,632,279,390,99,294,952,635,232"
246951,246951,"541,144,1,835,920,904,824,453,451,120"
247019,247019,"241,315,925,54,467,424,729,318,705,5"
247070,247070,"224,391,174,871,833,618,691,51,108,142"
247619,247619,"472,479,939,790,511,904,616,545,849,114"
248088,248088,"173,578,485,164,723,397,979,716,344,722"
248851,248851,"269,3,340,51,852,579,484,925,839,585"
249771,249771,"23,72,165,933,333,560,132,515,412,67"
249824,249824,"551,121,547,69,66,912,543,686,788,680"
250206,250206,"334,902,269,814,813,966,230,373,832,787"
250503,250503,"819,69,201,920,822,950,517,613,659,459"
250594,250594,"800,362,621,310,428,129,70,530,784,518"
250895,250895,"62,877,590,951,212,784,70,782,983,726"
251101,251101,"720,925,708,525,709,5,677,501,398,482"
251383,251383,"723,110,102,609,345,793,98,605,743,42"
251387,251387,"264,278,556,32,625,588,198,311,191,545"
251649,251649,"1000,200,510,317,162,783,881,557,176,361"
251768,251768,"383,403,825,450,64,903,782,683,900,648"
252324,252324,"690,479,150,866,294,588,471,563,195,571"
252702,252702,"745,372,285,559,131,639,661,401,278,970"
253294,253294,"942,97,752,563,665,274,818,267,998,106"
253425,253425,"138,19,345,815,373,58,327,767,530,974"
253858,253858,"380,370,669,23,839,296,91,387,835,511"
253923,253923,"394,68,941,956,404,448,711,75,5,864"
254163,254163,"429,864,11,5,388,152,869,792,550,369"
255499,255499,"743,562,755,848,189,553,304,345,19,276"
256088,256088,"499,278,80,426,116,707,248,261,516,694"
256326,256326,"598,752,973,932,670,447,964,755,284,704"
256790,256790,"292,457,897,646,550,545,80,389,411,267"
257225,257225,"33,849,722,145,777,401,903,158,18,476"
257370,257370,"726,205,910,68,597,86,672,596,750,554"
257767,257767,"422,430,78,24,969,354,53,643,335,69"
257790,257790,"939,42,972,115,794,185,279,184,220,12"
257797,257797,"955,558,11,682,17,5,932,597,572,854"
257872,257872,"420,116,645,254,882,705,54,395,474,336"
257984,257984,"336,412,772,656,88,207,708,581,867,498"
258196,258196,"989,555,835,308,334,488,795,807,433,38"
258318,258318,"969,598,144,431,277,73,518,446,377,990"
258774,258774,"259,267,949,695,111,908,796,573,458,514"
259089,259089,"235,8,161,148,452,882,699,83,442,371"
259659,259659,"394,206,687,644,151,133,966,24,718,197"
259716,259716,"394,461,139,190,439,219,232,892,172,308"
260727,260727,"660,31,77,753,885,558,870,189,665,496"
260969,260969,"527,100,862,235,620,137,879,386,340,884"
261281,261281,"420,310,57,192,902,412,899,948,585,223"
261427,261427,"19,803,251,44,646,437,390,863,366,286"
261566,261566,"937,180,874,98,611,663,997,950,482,374"
262161,262161,"916,75,367,1,720,820,638,160,165,499"
262588,262588,"575,397,884,860,377,620,587,946,20,509"
263157,263157,"433,982,536,342,983,469,194,152,909,103"
265621,265621,"264,629,763,826,69,932,11,783,841,186"
265797,265797,"815,387,253,818,477,991,919,16,310,61"
265948,265948,"518,384,75,915,178,2,868,505,816,428"
266772,266772,"194,796,795,347,444,358,903,401,650,156"
266781,266781,"404,937,776,594,540,630,151,325,170,40"
267245,267245,"570,147,997,334,946,588,843,259,905,611"
267355,267355,"347,404,59,4,769,52,951,131,188,478"
267363,267363,"449,736,408,497,526,895,967,387,44,969"
267517,267517,"221,28,59,978,24,912,478,735,579,673"
268334,268334,"418,428,724,125,995,123,924,705,252,789"
268407,268407,"557,774,753,5,514,759,237,652,492,807"
268500,268500,"990,418,293,546,50,712,614,894,589,637"
268839,268839,"540,272,13,395,720,574,5,51,242,322"
269034,269034,"216,310,814,192,314,776,110,995,844,170"
271578,271578,"30,465,187,998,644,118,8,102,564,492"
271757,271757,"561,728,581,258,623,432,823,250,908,274"
272173,272173,"454,179,535,890,302,950,320,745,497,519"
272198,272198,"815,977,772,191,396,574,181,432,714,128"
272678,272678,"75,230,717,327,716,641,181,867,96,182"
272900,272900,"609,898,441,968,553,266,959,353,337,866"
273464,273464,"793,889,399,918,650,802,662,146,199,544"
274387,274387,"28,998,321,467,136,192,497,673,393,381"
274681,274681,"761,317,478,682,681,347,263,106,625,826"
274787,274787,"983,109,5,64,239,90,447,91,441,579"
275440,275440,"654,949,638,4,629,107,129,402,645,286"
275807,275807,"102,10,382,224,570,589,799,393,111,352"
276067,276067,"84,4,572,422,494,701,178,196,400,807"
276454,276454,"381,794,981,620,526,958,46,82,468,452"
276754,276754,"670,656,712,231,793,589,641,82,781,981"
277105,277105,"764,316,659,683,488,997,328,753,174,568"
277404,277404,"723,591,809,315,692,573,308,362,8,350"
277435,277435,"931,290,706,224,38,425,624,542,1000,966"
277583,277583,"420,236,544,440,751,547,710,690,753,29"
277756,277756,"985,825,314,368,274,306,276,142,388,289"
277943,277943,"634,373,848,861,956,616,316,716,980,96"
278150,278150,"88,920,506,305,859,398,226,475,140,725"
278359,278359,"659,962,344,149,614,652,106,784,616,621"
278586,278586,"802,507,551,695,902,295,156,96,745,14"
279235,279235,"829,500,661,159,556,277,240,796,373,588"
279512,279512,"198,949,755,82,679,933,412,528,650,238"
279614,279614,"320,592,721,437,725,661,856,668,872,37"
279777,279777,"210,207,9,654,88,280,475,933,632,35"
279901,279901,"228,405,659,546,151,780,428,860,163,861"
280250,280250,"310,270,133,964,13,12,393,68,150,339"
280338,280338,"146,708,77,624,112,892,418,935,643,474"
281507,281507,"268,866,832,527,706,127,432,923,963,74"
281843,281843,"577,549,719,784,433,40,434,472,117,640"
282002,282002,"230,469,828,859,181,274,484,979,753,164"
282166,282166,"55,204,303,287,310,385,563,25,379,558"
284189,284189,"830,10,68,550,865,251,295,860,915,62"
285510,285510,"685,819,753,607,614,624,364,752,913,936"
285875,285875,"485,755,77,826,301,786,234,239,404,862"
285934,285934,"208,686,272,841,943,545,124,678,291,218"
286491,286491,"663,653,697,726,605,818,964,504,169,462"
286856,286856,"396,198,707,648,329,461,14,304,704,931"
286962,286962,"832,642,8,448,828,648,457,505,313,260"
287100,287100,"443,212,601,737,20,603,992,882,713,413"
287513,287513,"187,642,101,832,905,67,132,224,320,954"
287536,287536,"170,531,356,131,247,337,657,634,594,130"
288059,288059,"703,352,969,308,25,815,244,24,484,160"
288495,288495,"274,644,50,155,990,466,118,493,8,220"
288583,288583,"267,640,883,64,839,743,871,196,307,927"
288765,288765,"312,377,399,148,229,222,465,503,834,644"
288809,288809,"374,235,495,573,189,190,423,441,850,395"
288956,288956,"747,348,871,980,846,792,679,64,654,464"
290428,290428,"69,36,343,577,855,145,125,844,109,857"
291023,291023,"847,896,350,444,116,608,69,881,438,563"
291872,291872,"192,745,119,112,293,818,934,356,914,191"
292364,292364,"710,566,323,772,793,996,561,513,662,768"
292387,292387,"316,184,491,420,360,829,225,450,906,908"
292456,292456,"744,378,834,120,906,938,821,338,738,311"
292531,292531,"145,17,102,820,723,776,267,21,120,159"
292892,292892,"272,351,864,797,954,361,263,877,205,182"
293001,293001,"598,553,882,49,208,538,499,619,436,578"
293603,293603,"126,545,314,431,87,908,703,361,671,313"
293844,293844,"387,701,3,86,634,355,93,640,724,169"
294133,294133,"492,638,477,277,324,860,143,536,81,814"
294429,294429,"502,55,525,724,92,569,776,871,131,919"
294450,294450,"703,239,908,784,204,524,532,818,533,984"
294601,294601,"895,111,689,774,899,798,195,769,116,16"
294766,294766,"650,462,211,869,342,319,852,761,552,728"
295074,295074,"983,816,612,317,868,228,237,540,747,275"
295274,295274,"76,606,704,71,520,850,499,81,180,773"
297085,297085,"558,29,891,446,138,771,703,612,457,621"
297200,297200,"803,499,764,94,759,671,722,219,288,410"
297844,297844,"725,315,759,131,448,822,80,648,928,591"
299012,299012,"253,84,405,391,875,586,273,824,472,721"
299074,299074,"293,31,707,297,518,137,276,353,109,973"
299249,299249,"218,516,541,375,145,883,1000,755,966,565"
299294,299294,"870,155,871,92,217,794,384,192,446,717"
299476,299476,"580,353,332,908,93,743,521,710,223,709"
299739,299739,"740,161,523,106,582,832,865,540,978,916"
300269,300269,"941,135,362,858,718,86,148,211,167,115"
300617,300617,"637,481,188,361,184,757,106,294,953,771"
302027,302027,"863,387,240,375,94,617,542,950,959,77"
302734,302734,"56,369,801,731,357,241,668,949,721,541"
302749,302749,"222,99,578,888,662,654,775,999,436,690"
302827,302827,"717,358,117,311,300,441,229,634,664,435"
302869,302869,"806,496,692,204,222,402,992,159,149,50"
303624,303624,"644,790,307,146,795,791,384,637,336,800"
304249,304249,"187,472,490,130,521,316,621,841,47,797"
304344,304344,"573,11,350,709,50,443,224,507,677,663"
304566,304566,"70,695,112,894,559,766,614,206,480,507"
305234,305234,"8,687,609,196,47,354,956,30,66,578"
305740,305740,"496,982,145,983,389,294,230,251,12,805"
306146,306146,"729,455,727,401,702,815,457,499,622,761"
306308,306308,"670,666,234,802,468,979,696,26,229,413"
306692,306692,"32,55,919,374,269,304,519,636,703,670"
306989,306989,"872,992,228,732,236,512,129,2,103,937"
307108,307108,"943,890,980,629,230,942,22,30,981,957"
307495,307495,"165,69,783,838,246,322,440,624,616,311"
307637,307637,"439,663,353,149,243,638,528,206,43,553"
307669,307669,"442,125,452,456,818,238,614,113,723,236"
308254,308254,"560,986,611,344,200,389,72,354,910,953"
308551,308551,"828,260,117,188,411,22,214,1,921,348"
308805,308805,"898,760,901,913,968,114,739,768,110,364"
309506,309506,"949,136,962,471,121,36,510,958,467,937"
309594,309594,"921,125,60,528,963,624,960,736,723,514"
309777,309777,"163,412,661,9,277,188,339,64,782,939"
310087,310087,"228,220,406,367,255,929,910,475,119,524"
310171,310171,"921,631,117,260,275,781,759,564,767,672"
310215,310215,"531,11,468,389,711,584,765,387,476,882"
310217,310217,"242,126,682,264,1000,732,968,941,820,354"
310925,310925,"11,810,726,359,266,694,879,660,69,212"
311752,311752,"366,255,658,722,501,503,119,689,320,605"
312232,312232,"284,156,599,179,58,512,842,770,433,317"
312362,312362,"181,103,654,41,731,755,564,575,767,371"
312363,312363,"52,411,447,516,701,844,536,983,928,258"
312438,312438,"318,352,54,542,455,824,489,278,383,666"
312583,312583,"181,403,212,700,332,801,170,790,670,220"
312698,312698,"933,183,951,973,550,119,14,442,823,353"
313486,313486,"230,99,550,896,727,826,788,497,602,162"
314436,314436,"181,639,733,335,58,899,613,414,741,590"
314808,314808,"722,677,1,187,174,960,759,290,812,339"
314950,314950,"590,793,214,288,131,708,86,495,891,226"
315077,315077,"109,320,717,772,426,811,647,15,215,170"
315663,315663,"667,606,813,636,856,696,681,796,804,226"
316797,316797,"826,482,805,964,413,763,581,900,605,884"
317430,317430,"371,697,988,559,110,313,976,71,3,191"
318059,318059,"841,783,680,504,366,975,836,112,578,728"
318394,318394,"473,355,821,55,667,146,757,633,616,481"
319548,319548,"603,708,441,339,914,798,313,332,66,43"
319942,319942,"636,251,187,255,999,949,220,757,872,721"
320068,320068,"208,68,136,755,101,59,474,266,417,778"
320221,320221,"58,741,732,917,450,124,137,519,344,939"
320630,320630,"540,853,874,215,446,907,52,812,780,571"
320846,320846,"423,250,156,394,376,741,802,617,412,359"
320984,320984,"855,231,478,25,877,931,863,60,139,492"
321080,321080,"812,40,499,668,117,831,839,199,219,793"
321310,321310,"135,867,869,694,941,23,367,218,213,36"
321542,321542,"598,738,651,932,215,739,49,37,553,868"
321936,321936,"244,24,722,936,494,555,217,898,525,458"
321980,321980,"214,68,901,184,703,327,52,148,259,826"
322774,322774,"282,517,923,723,641,229,872,481,442,456"
323056,323056,"95,621,89,397,487,908,403,633,140,458"
323427,323427,"974,550,962,51,36,285,860,127,472,581"
323497,323497,"844,263,613,631,897,223,892,111,761,554"
